{"1": [0.8387096774193549, 0.9032258064516129, 0.7419354838709677, 0.8666666666666667, 0.8333333333333334, 0.8, 0.7, 0.7666666666666667, 0.8666666666666667, 0.8666666666666667], "2": [0.8387096774193549, 0.9032258064516129, 0.7419354838709677, 0.8666666666666667, 0.8333333333333334, 0.8, 0.7, 0.7666666666666667, 0.8666666666666667, 0.8666666666666667], "3": [0.8387096774193549, 0.9032258064516129, 0.7419354838709677, 0.8666666666666667, 0.8333333333333334, 0.8, 0.7, 0.7666666666666667, 0.8666666666666667, 0.8666666666666667]}