{"roc": {"1": [[[0.0, 0.21428571428571427, 1.0], [0.0, 0.8823529411764706, 1.0]], [[0.0, 0.06666666666666667, 1.0], [0.0, 0.875, 1.0]], [[0.0, 0.4166666666666667, 1.0], [0.0, 0.8421052631578947, 1.0]], [[0.0, 0.25, 1.0], [0.0, 0.9444444444444444, 1.0]], [[0.0, 0.23529411764705882, 1.0], [0.0, 0.9230769230769231, 1.0]], [[0.0, 0.25, 1.0], [0.0, 0.8333333333333334, 1.0]], [[0.0, 0.4666666666666667, 1.0], [0.0, 0.8666666666666667, 1.0]], [[0.0, 0.5, 1.0], [0.0, 0.9444444444444444, 1.0]], [[0.0, 0.13333333333333333, 1.0], [0.0, 0.8666666666666667, 1.0]], [[0.0, 0.21428571428571427, 1.0], [0.0, 0.9375, 1.0]]], "2": [[[0.0, 0.21428571428571427, 1.0], [0.0, 0.8823529411764706, 1.0]], [[0.0, 0.06666666666666667, 1.0], [0.0, 0.875, 1.0]], [[0.0, 0.4166666666666667, 1.0], [0.0, 0.8421052631578947, 1.0]], [[0.0, 0.25, 1.0], [0.0, 0.9444444444444444, 1.0]], [[0.0, 0.23529411764705882, 1.0], [0.0, 0.9230769230769231, 1.0]], [[0.0, 0.25, 1.0], [0.0, 0.8333333333333334, 1.0]], [[0.0, 0.4666666666666667, 1.0], [0.0, 0.8666666666666667, 1.0]], [[0.0, 0.5, 1.0], [0.0, 0.9444444444444444, 1.0]], [[0.0, 0.13333333333333333, 1.0], [0.0, 0.8666666666666667, 1.0]], [[0.0, 0.21428571428571427, 1.0], [0.0, 0.9375, 1.0]]], "3": [[[0.0, 0.21428571428571427, 1.0], [0.0, 0.8823529411764706, 1.0]], [[0.0, 0.06666666666666667, 1.0], [0.0, 0.875, 1.0]], [[0.0, 0.4166666666666667, 1.0], [0.0, 0.8421052631578947, 1.0]], [[0.0, 0.25, 1.0], [0.0, 0.9444444444444444, 1.0]], [[0.0, 0.23529411764705882, 1.0], [0.0, 0.9230769230769231, 1.0]], [[0.0, 0.25, 1.0], [0.0, 0.8333333333333334, 1.0]], [[0.0, 0.4666666666666667, 1.0], [0.0, 0.8666666666666667, 1.0]], [[0.0, 0.5, 1.0], [0.0, 0.9444444444444444, 1.0]], [[0.0, 0.13333333333333333, 1.0], [0.0, 0.8666666666666667, 1.0]], [[0.0, 0.21428571428571427, 1.0], [0.0, 0.9375, 1.0]]]}, "auc": {"1": [0.8340336134453781, 0.9041666666666667, 0.712719298245614, 0.8472222222222222, 0.843891402714932, 0.7916666666666666, 0.7, 0.7222222222222222, 0.8666666666666667, 0.8616071428571429], "2": [0.8340336134453781, 0.9041666666666667, 0.712719298245614, 0.8472222222222222, 0.843891402714932, 0.7916666666666666, 0.7, 0.7222222222222222, 0.8666666666666667, 0.8616071428571429], "3": [0.8340336134453781, 0.9041666666666667, 0.712719298245614, 0.8472222222222222, 0.843891402714932, 0.7916666666666666, 0.7, 0.7222222222222222, 0.8666666666666667, 0.8616071428571429]}}