{"roc": {"1": [[[0.0, 0.17647058823529413, 1.0], [0.0, 0.8571428571428571, 1.0]], [[0.0, 0.25, 1.0], [0.0, 1.0, 1.0]], [[0.0, 0.46153846153846156, 1.0], [0.0, 0.8888888888888888, 1.0]], [[0.0, 0.38461538461538464, 1.0], [0.0, 0.8823529411764706, 1.0]], [[0.0, 0.2727272727272727, 1.0], [0.0, 0.7368421052631579, 1.0]], [[0.0, 0.14285714285714285, 1.0], [0.0, 1.0, 1.0]], [[0.0, 0.17647058823529413, 1.0], [0.0, 0.9230769230769231, 1.0]], [[0.0, 0.14285714285714285, 1.0], [0.0, 0.875, 1.0]], [[0.0, 0.07692307692307693, 1.0], [0.0, 0.9411764705882353, 1.0]], [[0.0, 0.5, 1.0], [0.0, 0.9166666666666666, 1.0]]], "2": [[[0.0, 0.1, 1.0], [0.0, 0.7619047619047619, 1.0]], [[0.0, 0.375, 1.0], [0.0, 0.9333333333333333, 1.0]], [[0.0, 0.3684210526315789, 1.0], [0.0, 0.9166666666666666, 1.0]], [[0.0, 0.35714285714285715, 1.0], [0.0, 0.9375, 1.0]], [[0.0, 0.23529411764705882, 1.0], [0.0, 0.9230769230769231, 1.0]], [[0.0, 0.25, 1.0], [0.0, 0.8888888888888888, 1.0]], [[0.0, 0.1, 1.0], [0.0, 0.9, 1.0]], [[0.0, 0.3333333333333333, 1.0], [0.0, 0.875, 1.0]], [[0.0, 0.17647058823529413, 1.0], [0.0, 1.0, 1.0]], [[0.0, 0.17647058823529413, 1.0], [0.0, 0.7692307692307693, 1.0]]], "3": [[[0.0, 0.125, 1.0], [0.0, 0.8, 1.0]], [[0.0, 0.07142857142857142, 1.0], [0.0, 0.9411764705882353, 1.0]], [[0.0, 0.3181818181818182, 1.0], [0.0, 1.0, 1.0]], [[0.0, 0.2, 1.0], [0.0, 0.9, 1.0]], [[0.0, 0.3333333333333333, 1.0], [0.0, 0.9333333333333333, 1.0]], [[0.0, 0.26666666666666666, 1.0], [0.0, 1.0, 1.0]], [[0.0, 0.5, 1.0], [0.0, 0.95, 1.0]], [[0.0, 0.2, 1.0], [0.0, 0.8, 1.0]], [[0.0, 0.13333333333333333, 1.0], [0.0, 1.0, 1.0]], [[0.0, 0.45454545454545453, 1.0], [0.0, 0.7894736842105263, 1.0]]]}, "auc": {"1": [0.8403361344537814, 0.875, 0.7136752136752136, 0.748868778280543, 0.7320574162679426, 0.9285714285714286, 0.8733031674208145, 0.8660714285714286, 0.9321266968325792, 0.7083333333333333], "2": [0.8309523809523809, 0.7791666666666666, 0.7741228070175438, 0.7901785714285714, 0.843891402714932, 0.8194444444444444, 0.9, 0.7708333333333335, 0.9117647058823529, 0.7963800904977375], "3": [0.8375, 0.9348739495798319, 0.8409090909090909, 0.85, 0.8, 0.8666666666666667, 0.725, 0.8, 0.9333333333333333, 0.6674641148325359]}}